--
-- PostgreSQL database dump
--

-- Dumped from database version 16.0
-- Dumped by pg_dump version 16.0

-- Started on 2023-11-12 20:48:36

SET statement_timeout = 0;
SET lock_timeout = 0;
SET idle_in_transaction_session_timeout = 0;
SET client_encoding = 'UTF8';
SET standard_conforming_strings = on;
SELECT pg_catalog.set_config('search_path', '', false);
SET check_function_bodies = false;
SET xmloption = content;
SET client_min_messages = warning;
SET row_security = off;

DROP DATABASE IF EXISTS bcre;
--
-- TOC entry 4931 (class 1262 OID 16583)
-- Name: bcre; Type: DATABASE; Schema: -; Owner: postgres
--

CREATE DATABASE bcre WITH TEMPLATE = template0 ENCODING = 'UTF8' LOCALE_PROVIDER = libc LOCALE = 'English_United States.950';


ALTER DATABASE bcre OWNER TO postgres;

\connect bcre

SET statement_timeout = 0;
SET lock_timeout = 0;
SET idle_in_transaction_session_timeout = 0;
SET client_encoding = 'UTF8';
SET standard_conforming_strings = on;
SELECT pg_catalog.set_config('search_path', '', false);
SET check_function_bodies = false;
SET xmloption = content;
SET client_min_messages = warning;
SET row_security = off;

SET default_tablespace = '';

SET default_table_access_method = heap;

--
-- TOC entry 222 (class 1259 OID 16607)
-- Name: auth_group; Type: TABLE; Schema: public; Owner: postgres
--

CREATE TABLE public.auth_group (
    id integer NOT NULL,
    name character varying(150) NOT NULL
);


ALTER TABLE public.auth_group OWNER TO postgres;

--
-- TOC entry 221 (class 1259 OID 16606)
-- Name: auth_group_id_seq; Type: SEQUENCE; Schema: public; Owner: postgres
--

ALTER TABLE public.auth_group ALTER COLUMN id ADD GENERATED BY DEFAULT AS IDENTITY (
    SEQUENCE NAME public.auth_group_id_seq
    START WITH 1
    INCREMENT BY 1
    NO MINVALUE
    NO MAXVALUE
    CACHE 1
);


--
-- TOC entry 224 (class 1259 OID 16615)
-- Name: auth_group_permissions; Type: TABLE; Schema: public; Owner: postgres
--

CREATE TABLE public.auth_group_permissions (
    id bigint NOT NULL,
    group_id integer NOT NULL,
    permission_id integer NOT NULL
);


ALTER TABLE public.auth_group_permissions OWNER TO postgres;

--
-- TOC entry 223 (class 1259 OID 16614)
-- Name: auth_group_permissions_id_seq; Type: SEQUENCE; Schema: public; Owner: postgres
--

ALTER TABLE public.auth_group_permissions ALTER COLUMN id ADD GENERATED BY DEFAULT AS IDENTITY (
    SEQUENCE NAME public.auth_group_permissions_id_seq
    START WITH 1
    INCREMENT BY 1
    NO MINVALUE
    NO MAXVALUE
    CACHE 1
);


--
-- TOC entry 220 (class 1259 OID 16601)
-- Name: auth_permission; Type: TABLE; Schema: public; Owner: postgres
--

CREATE TABLE public.auth_permission (
    id integer NOT NULL,
    name character varying(255) NOT NULL,
    content_type_id integer NOT NULL,
    codename character varying(100) NOT NULL
);


ALTER TABLE public.auth_permission OWNER TO postgres;

--
-- TOC entry 219 (class 1259 OID 16600)
-- Name: auth_permission_id_seq; Type: SEQUENCE; Schema: public; Owner: postgres
--

ALTER TABLE public.auth_permission ALTER COLUMN id ADD GENERATED BY DEFAULT AS IDENTITY (
    SEQUENCE NAME public.auth_permission_id_seq
    START WITH 1
    INCREMENT BY 1
    NO MINVALUE
    NO MAXVALUE
    CACHE 1
);


--
-- TOC entry 226 (class 1259 OID 16621)
-- Name: auth_user; Type: TABLE; Schema: public; Owner: postgres
--

CREATE TABLE public.auth_user (
    id integer NOT NULL,
    password character varying(128) NOT NULL,
    last_login timestamp with time zone,
    is_superuser boolean NOT NULL,
    username character varying(150) NOT NULL,
    first_name character varying(150) NOT NULL,
    last_name character varying(150) NOT NULL,
    email character varying(254) NOT NULL,
    is_staff boolean NOT NULL,
    is_active boolean NOT NULL,
    date_joined timestamp with time zone NOT NULL
);


ALTER TABLE public.auth_user OWNER TO postgres;

--
-- TOC entry 228 (class 1259 OID 16629)
-- Name: auth_user_groups; Type: TABLE; Schema: public; Owner: postgres
--

CREATE TABLE public.auth_user_groups (
    id bigint NOT NULL,
    user_id integer NOT NULL,
    group_id integer NOT NULL
);


ALTER TABLE public.auth_user_groups OWNER TO postgres;

--
-- TOC entry 227 (class 1259 OID 16628)
-- Name: auth_user_groups_id_seq; Type: SEQUENCE; Schema: public; Owner: postgres
--

ALTER TABLE public.auth_user_groups ALTER COLUMN id ADD GENERATED BY DEFAULT AS IDENTITY (
    SEQUENCE NAME public.auth_user_groups_id_seq
    START WITH 1
    INCREMENT BY 1
    NO MINVALUE
    NO MAXVALUE
    CACHE 1
);


--
-- TOC entry 225 (class 1259 OID 16620)
-- Name: auth_user_id_seq; Type: SEQUENCE; Schema: public; Owner: postgres
--

ALTER TABLE public.auth_user ALTER COLUMN id ADD GENERATED BY DEFAULT AS IDENTITY (
    SEQUENCE NAME public.auth_user_id_seq
    START WITH 1
    INCREMENT BY 1
    NO MINVALUE
    NO MAXVALUE
    CACHE 1
);


--
-- TOC entry 230 (class 1259 OID 16635)
-- Name: auth_user_user_permissions; Type: TABLE; Schema: public; Owner: postgres
--

CREATE TABLE public.auth_user_user_permissions (
    id bigint NOT NULL,
    user_id integer NOT NULL,
    permission_id integer NOT NULL
);


ALTER TABLE public.auth_user_user_permissions OWNER TO postgres;

--
-- TOC entry 229 (class 1259 OID 16634)
-- Name: auth_user_user_permissions_id_seq; Type: SEQUENCE; Schema: public; Owner: postgres
--

ALTER TABLE public.auth_user_user_permissions ALTER COLUMN id ADD GENERATED BY DEFAULT AS IDENTITY (
    SEQUENCE NAME public.auth_user_user_permissions_id_seq
    START WITH 1
    INCREMENT BY 1
    NO MINVALUE
    NO MAXVALUE
    CACHE 1
);


--
-- TOC entry 239 (class 1259 OID 16777)
-- Name: contacts_contact; Type: TABLE; Schema: public; Owner: postgres
--

CREATE TABLE public.contacts_contact (
    id bigint NOT NULL,
    listing character varying(288) NOT NULL,
    listing_id integer NOT NULL,
    name character varying(200) NOT NULL,
    email character varying(100) NOT NULL,
    phone character varying(100) NOT NULL,
    message text NOT NULL,
    contact_date timestamp with time zone NOT NULL,
    user_id integer NOT NULL
);


ALTER TABLE public.contacts_contact OWNER TO postgres;

--
-- TOC entry 238 (class 1259 OID 16776)
-- Name: contacts_contact_id_seq; Type: SEQUENCE; Schema: public; Owner: postgres
--

ALTER TABLE public.contacts_contact ALTER COLUMN id ADD GENERATED BY DEFAULT AS IDENTITY (
    SEQUENCE NAME public.contacts_contact_id_seq
    START WITH 1
    INCREMENT BY 1
    NO MINVALUE
    NO MAXVALUE
    CACHE 1
);


--
-- TOC entry 232 (class 1259 OID 16693)
-- Name: django_admin_log; Type: TABLE; Schema: public; Owner: postgres
--

CREATE TABLE public.django_admin_log (
    id integer NOT NULL,
    action_time timestamp with time zone NOT NULL,
    object_id text,
    object_repr character varying(200) NOT NULL,
    action_flag smallint NOT NULL,
    change_message text NOT NULL,
    content_type_id integer,
    user_id integer NOT NULL,
    CONSTRAINT django_admin_log_action_flag_check CHECK ((action_flag >= 0))
);


ALTER TABLE public.django_admin_log OWNER TO postgres;

--
-- TOC entry 231 (class 1259 OID 16692)
-- Name: django_admin_log_id_seq; Type: SEQUENCE; Schema: public; Owner: postgres
--

ALTER TABLE public.django_admin_log ALTER COLUMN id ADD GENERATED BY DEFAULT AS IDENTITY (
    SEQUENCE NAME public.django_admin_log_id_seq
    START WITH 1
    INCREMENT BY 1
    NO MINVALUE
    NO MAXVALUE
    CACHE 1
);


--
-- TOC entry 218 (class 1259 OID 16593)
-- Name: django_content_type; Type: TABLE; Schema: public; Owner: postgres
--

CREATE TABLE public.django_content_type (
    id integer NOT NULL,
    app_label character varying(100) NOT NULL,
    model character varying(100) NOT NULL
);


ALTER TABLE public.django_content_type OWNER TO postgres;

--
-- TOC entry 217 (class 1259 OID 16592)
-- Name: django_content_type_id_seq; Type: SEQUENCE; Schema: public; Owner: postgres
--

ALTER TABLE public.django_content_type ALTER COLUMN id ADD GENERATED BY DEFAULT AS IDENTITY (
    SEQUENCE NAME public.django_content_type_id_seq
    START WITH 1
    INCREMENT BY 1
    NO MINVALUE
    NO MAXVALUE
    CACHE 1
);


--
-- TOC entry 216 (class 1259 OID 16585)
-- Name: django_migrations; Type: TABLE; Schema: public; Owner: postgres
--

CREATE TABLE public.django_migrations (
    id bigint NOT NULL,
    app character varying(255) NOT NULL,
    name character varying(255) NOT NULL,
    applied timestamp with time zone NOT NULL
);


ALTER TABLE public.django_migrations OWNER TO postgres;

--
-- TOC entry 215 (class 1259 OID 16584)
-- Name: django_migrations_id_seq; Type: SEQUENCE; Schema: public; Owner: postgres
--

ALTER TABLE public.django_migrations ALTER COLUMN id ADD GENERATED BY DEFAULT AS IDENTITY (
    SEQUENCE NAME public.django_migrations_id_seq
    START WITH 1
    INCREMENT BY 1
    NO MINVALUE
    NO MAXVALUE
    CACHE 1
);


--
-- TOC entry 233 (class 1259 OID 16721)
-- Name: django_session; Type: TABLE; Schema: public; Owner: postgres
--

CREATE TABLE public.django_session (
    session_key character varying(40) NOT NULL,
    session_data text NOT NULL,
    expire_date timestamp with time zone NOT NULL
);


ALTER TABLE public.django_session OWNER TO postgres;

--
-- TOC entry 237 (class 1259 OID 16763)
-- Name: listings_listing; Type: TABLE; Schema: public; Owner: postgres
--

CREATE TABLE public.listings_listing (
    id bigint NOT NULL,
    title character varying(200) NOT NULL,
    address character varying(200) NOT NULL,
    district character varying(100) NOT NULL,
    description text NOT NULL,
    price integer NOT NULL,
    bedrooms integer NOT NULL,
    bathrooms integer NOT NULL,
    sqft integer NOT NULL,
    lot_size numeric(2,1) NOT NULL,
    photo_main character varying(100) NOT NULL,
    photo_1 character varying(100) NOT NULL,
    photo_2 character varying(100) NOT NULL,
    photo_3 character varying(100) NOT NULL,
    photo_4 character varying(100) NOT NULL,
    photo_5 character varying(100) NOT NULL,
    photo_6 character varying(100) NOT NULL,
    is_published boolean NOT NULL,
    list_date timestamp with time zone NOT NULL,
    realtor_id bigint NOT NULL
);


ALTER TABLE public.listings_listing OWNER TO postgres;

--
-- TOC entry 236 (class 1259 OID 16762)
-- Name: listings_listing_id_seq; Type: SEQUENCE; Schema: public; Owner: postgres
--

ALTER TABLE public.listings_listing ALTER COLUMN id ADD GENERATED BY DEFAULT AS IDENTITY (
    SEQUENCE NAME public.listings_listing_id_seq
    START WITH 1
    INCREMENT BY 1
    NO MINVALUE
    NO MAXVALUE
    CACHE 1
);


--
-- TOC entry 235 (class 1259 OID 16755)
-- Name: realtors_realtor; Type: TABLE; Schema: public; Owner: postgres
--

CREATE TABLE public.realtors_realtor (
    id bigint NOT NULL,
    name character varying(200) NOT NULL,
    photo character varying(100) NOT NULL,
    description text NOT NULL,
    phone character varying(20) NOT NULL,
    email character varying(50) NOT NULL,
    is_mvp boolean NOT NULL,
    hire_date timestamp with time zone NOT NULL
);


ALTER TABLE public.realtors_realtor OWNER TO postgres;

--
-- TOC entry 234 (class 1259 OID 16754)
-- Name: realtors_realtor_id_seq; Type: SEQUENCE; Schema: public; Owner: postgres
--

ALTER TABLE public.realtors_realtor ALTER COLUMN id ADD GENERATED BY DEFAULT AS IDENTITY (
    SEQUENCE NAME public.realtors_realtor_id_seq
    START WITH 1
    INCREMENT BY 1
    NO MINVALUE
    NO MAXVALUE
    CACHE 1
);


--
-- TOC entry 4908 (class 0 OID 16607)
-- Dependencies: 222
-- Data for Name: auth_group; Type: TABLE DATA; Schema: public; Owner: postgres
--



--
-- TOC entry 4910 (class 0 OID 16615)
-- Dependencies: 224
-- Data for Name: auth_group_permissions; Type: TABLE DATA; Schema: public; Owner: postgres
--



--
-- TOC entry 4906 (class 0 OID 16601)
-- Dependencies: 220
-- Data for Name: auth_permission; Type: TABLE DATA; Schema: public; Owner: postgres
--

INSERT INTO public.auth_permission VALUES (1, 'Can add log entry', 1, 'add_logentry') ON CONFLICT DO NOTHING;
INSERT INTO public.auth_permission VALUES (2, 'Can change log entry', 1, 'change_logentry') ON CONFLICT DO NOTHING;
INSERT INTO public.auth_permission VALUES (3, 'Can delete log entry', 1, 'delete_logentry') ON CONFLICT DO NOTHING;
INSERT INTO public.auth_permission VALUES (4, 'Can view log entry', 1, 'view_logentry') ON CONFLICT DO NOTHING;
INSERT INTO public.auth_permission VALUES (5, 'Can add permission', 2, 'add_permission') ON CONFLICT DO NOTHING;
INSERT INTO public.auth_permission VALUES (6, 'Can change permission', 2, 'change_permission') ON CONFLICT DO NOTHING;
INSERT INTO public.auth_permission VALUES (7, 'Can delete permission', 2, 'delete_permission') ON CONFLICT DO NOTHING;
INSERT INTO public.auth_permission VALUES (8, 'Can view permission', 2, 'view_permission') ON CONFLICT DO NOTHING;
INSERT INTO public.auth_permission VALUES (9, 'Can add group', 3, 'add_group') ON CONFLICT DO NOTHING;
INSERT INTO public.auth_permission VALUES (10, 'Can change group', 3, 'change_group') ON CONFLICT DO NOTHING;
INSERT INTO public.auth_permission VALUES (11, 'Can delete group', 3, 'delete_group') ON CONFLICT DO NOTHING;
INSERT INTO public.auth_permission VALUES (12, 'Can view group', 3, 'view_group') ON CONFLICT DO NOTHING;
INSERT INTO public.auth_permission VALUES (13, 'Can add user', 4, 'add_user') ON CONFLICT DO NOTHING;
INSERT INTO public.auth_permission VALUES (14, 'Can change user', 4, 'change_user') ON CONFLICT DO NOTHING;
INSERT INTO public.auth_permission VALUES (15, 'Can delete user', 4, 'delete_user') ON CONFLICT DO NOTHING;
INSERT INTO public.auth_permission VALUES (16, 'Can view user', 4, 'view_user') ON CONFLICT DO NOTHING;
INSERT INTO public.auth_permission VALUES (17, 'Can add content type', 5, 'add_contenttype') ON CONFLICT DO NOTHING;
INSERT INTO public.auth_permission VALUES (18, 'Can change content type', 5, 'change_contenttype') ON CONFLICT DO NOTHING;
INSERT INTO public.auth_permission VALUES (19, 'Can delete content type', 5, 'delete_contenttype') ON CONFLICT DO NOTHING;
INSERT INTO public.auth_permission VALUES (20, 'Can view content type', 5, 'view_contenttype') ON CONFLICT DO NOTHING;
INSERT INTO public.auth_permission VALUES (21, 'Can add session', 6, 'add_session') ON CONFLICT DO NOTHING;
INSERT INTO public.auth_permission VALUES (22, 'Can change session', 6, 'change_session') ON CONFLICT DO NOTHING;
INSERT INTO public.auth_permission VALUES (23, 'Can delete session', 6, 'delete_session') ON CONFLICT DO NOTHING;
INSERT INTO public.auth_permission VALUES (24, 'Can view session', 6, 'view_session') ON CONFLICT DO NOTHING;
INSERT INTO public.auth_permission VALUES (25, 'Can add listing', 7, 'add_listing') ON CONFLICT DO NOTHING;
INSERT INTO public.auth_permission VALUES (26, 'Can change listing', 7, 'change_listing') ON CONFLICT DO NOTHING;
INSERT INTO public.auth_permission VALUES (27, 'Can delete listing', 7, 'delete_listing') ON CONFLICT DO NOTHING;
INSERT INTO public.auth_permission VALUES (28, 'Can view listing', 7, 'view_listing') ON CONFLICT DO NOTHING;
INSERT INTO public.auth_permission VALUES (29, 'Can add realtor', 8, 'add_realtor') ON CONFLICT DO NOTHING;
INSERT INTO public.auth_permission VALUES (30, 'Can change realtor', 8, 'change_realtor') ON CONFLICT DO NOTHING;
INSERT INTO public.auth_permission VALUES (31, 'Can delete realtor', 8, 'delete_realtor') ON CONFLICT DO NOTHING;
INSERT INTO public.auth_permission VALUES (32, 'Can view realtor', 8, 'view_realtor') ON CONFLICT DO NOTHING;
INSERT INTO public.auth_permission VALUES (33, 'Can add contact', 9, 'add_contact') ON CONFLICT DO NOTHING;
INSERT INTO public.auth_permission VALUES (34, 'Can change contact', 9, 'change_contact') ON CONFLICT DO NOTHING;
INSERT INTO public.auth_permission VALUES (35, 'Can delete contact', 9, 'delete_contact') ON CONFLICT DO NOTHING;
INSERT INTO public.auth_permission VALUES (36, 'Can view contact', 9, 'view_contact') ON CONFLICT DO NOTHING;


--
-- TOC entry 4912 (class 0 OID 16621)
-- Dependencies: 226
-- Data for Name: auth_user; Type: TABLE DATA; Schema: public; Owner: postgres
--

INSERT INTO public.auth_user VALUES (2, 'pbkdf2_sha256$600000$DAz1rC0169ZyE3BcJGJtnz$rBOrEGF1YnbZoSDz5CF9FNqGvHTlV3QuNkuwm8x7qaE=', '2023-11-12 20:33:15.535411+08', false, 'enen', 'En En', 'Xu', 'xuenen@gmail.com', false, true, '2023-11-12 19:50:32+08') ON CONFLICT DO NOTHING;
INSERT INTO public.auth_user VALUES (1, 'pbkdf2_sha256$600000$4KfxRqQDgiXtasYugijfOw$/bZnxOwTpmuzLD16cA9TIoC3CiVB/P2akDXtIBv8j1o=', '2023-11-12 20:40:05.333408+08', true, 'Lionel', '', '', 'lionel.chun@outlook.com', true, true, '2023-11-12 16:04:58.243413+08') ON CONFLICT DO NOTHING;


--
-- TOC entry 4914 (class 0 OID 16629)
-- Dependencies: 228
-- Data for Name: auth_user_groups; Type: TABLE DATA; Schema: public; Owner: postgres
--



--
-- TOC entry 4916 (class 0 OID 16635)
-- Dependencies: 230
-- Data for Name: auth_user_user_permissions; Type: TABLE DATA; Schema: public; Owner: postgres
--



--
-- TOC entry 4925 (class 0 OID 16777)
-- Dependencies: 239
-- Data for Name: contacts_contact; Type: TABLE DATA; Schema: public; Owner: postgres
--

INSERT INTO public.contacts_contact VALUES (1, '嘉湖山莊 7期 景湖居 3座 中層 B室', 7, 'En En Xu', 'xuenen@gmail.com', '55555555', 'Hello!', '2023-11-13 04:17:23.093636+08', 2) ON CONFLICT DO NOTHING;
INSERT INTO public.contacts_contact VALUES (2, '御龍山 7座 中層 C室', 6, 'Lionel', 'lionel.chun@outlook.com', '60862656', 'Hi!', '2023-11-13 04:23:42.464467+08', 1) ON CONFLICT DO NOTHING;


--
-- TOC entry 4918 (class 0 OID 16693)
-- Dependencies: 232
-- Data for Name: django_admin_log; Type: TABLE DATA; Schema: public; Owner: postgres
--

INSERT INTO public.django_admin_log VALUES (1, '2023-11-12 16:28:48.87557+08', '1', 'Lionel Chun', 1, '[{"added": {}}]', 8, 1) ON CONFLICT DO NOTHING;
INSERT INTO public.django_admin_log VALUES (2, '2023-11-12 16:37:14.822328+08', '2', '許恩恩', 1, '[{"added": {}}]', 8, 1) ON CONFLICT DO NOTHING;
INSERT INTO public.django_admin_log VALUES (3, '2023-11-12 16:38:39.493561+08', '3', '吳淑萍', 1, '[{"added": {}}]', 8, 1) ON CONFLICT DO NOTHING;
INSERT INTO public.django_admin_log VALUES (4, '2023-11-12 16:45:26.785907+08', '1', 'House Title : 海典軒 1座 低層 H室', 1, '[{"added": {}}]', 7, 1) ON CONFLICT DO NOTHING;
INSERT INTO public.django_admin_log VALUES (5, '2023-11-12 16:49:23.3127+08', '2', 'House Title : 翠怡花園 1期 4座 高層 B室', 1, '[{"added": {}}]', 7, 1) ON CONFLICT DO NOTHING;
INSERT INTO public.django_admin_log VALUES (6, '2023-11-12 16:52:23.307766+08', '3', 'House Title : 華翠臺 低層 C室', 1, '[{"added": {}}]', 7, 1) ON CONFLICT DO NOTHING;
INSERT INTO public.django_admin_log VALUES (7, '2023-11-12 16:57:49.682702+08', '4', 'House Title : 慧景園 2座 高層 A室', 1, '[{"added": {}}]', 7, 1) ON CONFLICT DO NOTHING;
INSERT INTO public.django_admin_log VALUES (8, '2023-11-12 17:01:25.440712+08', '5', 'House Title : 瓏門 1期 1座 中層 H室', 1, '[{"added": {}}]', 7, 1) ON CONFLICT DO NOTHING;
INSERT INTO public.django_admin_log VALUES (9, '2023-11-12 17:05:19.230321+08', '6', 'House Title : 御龍山 7座 中層 C室', 1, '[{"added": {}}]', 7, 1) ON CONFLICT DO NOTHING;
INSERT INTO public.django_admin_log VALUES (10, '2023-11-12 17:05:39.08017+08', '5', 'House Title : 瓏門 1期 1座 中層 H室', 2, '[{"changed": {"fields": ["Bathrooms"]}}]', 7, 1) ON CONFLICT DO NOTHING;
INSERT INTO public.django_admin_log VALUES (11, '2023-11-12 17:05:45.465272+08', '6', 'House Title : 御龍山 7座 中層 C室', 2, '[{"changed": {"fields": ["Bathrooms"]}}]', 7, 1) ON CONFLICT DO NOTHING;
INSERT INTO public.django_admin_log VALUES (12, '2023-11-12 17:06:10.627457+08', '3', 'House Title : 華翠臺 低層 C室', 2, '[{"changed": {"fields": ["Bathrooms"]}}]', 7, 1) ON CONFLICT DO NOTHING;
INSERT INTO public.django_admin_log VALUES (13, '2023-11-12 17:06:29.455286+08', '3', 'House Title : 華翠臺 低層 C室', 2, '[{"changed": {"fields": ["Bathrooms"]}}]', 7, 1) ON CONFLICT DO NOTHING;
INSERT INTO public.django_admin_log VALUES (14, '2023-11-12 17:07:01.970544+08', '4', 'House Title : 慧景園 2座 高層 A室', 2, '[{"changed": {"fields": ["Bathrooms"]}}]', 7, 1) ON CONFLICT DO NOTHING;
INSERT INTO public.django_admin_log VALUES (15, '2023-11-12 17:10:35.705164+08', '7', 'House Title : 嘉湖山莊 7期 景湖居 3座 中層 B室', 1, '[{"added": {}}]', 7, 1) ON CONFLICT DO NOTHING;
INSERT INTO public.django_admin_log VALUES (16, '2023-11-12 17:15:52.259772+08', '6', 'House Title : 御龍山 7座 中層 C室', 2, '[{"changed": {"fields": ["Photo 1", "Photo 2", "Photo 3", "Photo 4", "Photo 5", "Photo 6"]}}]', 7, 1) ON CONFLICT DO NOTHING;
INSERT INTO public.django_admin_log VALUES (17, '2023-11-12 17:16:41.768413+08', '6', 'House Title : 御龍山 7座 中層 C室', 2, '[{"changed": {"fields": ["Photo main", "Photo 1", "Photo 2", "Photo 3", "Photo 4", "Photo 5", "Photo 6"]}}]', 7, 1) ON CONFLICT DO NOTHING;
INSERT INTO public.django_admin_log VALUES (18, '2023-11-12 17:22:14.548208+08', '1', 'House Title : 海典軒 1座 低層 H室', 2, '[{"changed": {"fields": ["Photo main", "Photo 1", "Photo 2", "Photo 3", "Photo 4", "Photo 5", "Photo 6"]}}]', 7, 1) ON CONFLICT DO NOTHING;
INSERT INTO public.django_admin_log VALUES (19, '2023-11-12 17:22:44.41777+08', '2', 'House Title : 翠怡花園 1期 4座 高層 B室', 2, '[{"changed": {"fields": ["Photo main", "Photo 1", "Photo 2", "Photo 3", "Photo 4", "Photo 5", "Photo 6"]}}]', 7, 1) ON CONFLICT DO NOTHING;
INSERT INTO public.django_admin_log VALUES (20, '2023-11-12 17:23:08.229877+08', '3', 'House Title : 華翠臺 低層 C室', 2, '[{"changed": {"fields": ["Photo main", "Photo 1", "Photo 2", "Photo 3", "Photo 4", "Photo 5", "Photo 6"]}}]', 7, 1) ON CONFLICT DO NOTHING;
INSERT INTO public.django_admin_log VALUES (21, '2023-11-12 17:23:33.419628+08', '4', 'House Title : 慧景園 2座 高層 A室', 2, '[{"changed": {"fields": ["Photo main", "Photo 1", "Photo 2", "Photo 3", "Photo 4", "Photo 5", "Photo 6"]}}]', 7, 1) ON CONFLICT DO NOTHING;
INSERT INTO public.django_admin_log VALUES (22, '2023-11-12 17:24:02.567065+08', '5', 'House Title : 瓏門 1期 1座 中層 H室', 2, '[{"changed": {"fields": ["Photo main", "Photo 1", "Photo 2", "Photo 3", "Photo 4", "Photo 5", "Photo 6"]}}]', 7, 1) ON CONFLICT DO NOTHING;
INSERT INTO public.django_admin_log VALUES (23, '2023-11-12 17:24:26.590907+08', '6', 'House Title : 御龍山 7座 中層 C室', 2, '[{"changed": {"fields": ["Photo main", "Photo 1", "Photo 2", "Photo 3", "Photo 4", "Photo 5", "Photo 6"]}}]', 7, 1) ON CONFLICT DO NOTHING;
INSERT INTO public.django_admin_log VALUES (24, '2023-11-12 17:24:54.818632+08', '7', 'House Title : 嘉湖山莊 7期 景湖居 3座 中層 B室', 2, '[{"changed": {"fields": ["Photo main", "Photo 1", "Photo 2", "Photo 3", "Photo 4", "Photo 5", "Photo 6"]}}]', 7, 1) ON CONFLICT DO NOTHING;
INSERT INTO public.django_admin_log VALUES (25, '2023-11-12 19:10:40.741608+08', '2', '許恩恩', 2, '[{"changed": {"fields": ["Is mvp"]}}]', 8, 1) ON CONFLICT DO NOTHING;
INSERT INTO public.django_admin_log VALUES (26, '2023-11-12 19:10:44.467636+08', '3', '吳淑萍', 2, '[{"changed": {"fields": ["Is mvp"]}}]', 8, 1) ON CONFLICT DO NOTHING;
INSERT INTO public.django_admin_log VALUES (27, '2023-11-12 19:50:53.622461+08', '2', 'enen', 2, '[]', 4, 1) ON CONFLICT DO NOTHING;


--
-- TOC entry 4904 (class 0 OID 16593)
-- Dependencies: 218
-- Data for Name: django_content_type; Type: TABLE DATA; Schema: public; Owner: postgres
--

INSERT INTO public.django_content_type VALUES (1, 'admin', 'logentry') ON CONFLICT DO NOTHING;
INSERT INTO public.django_content_type VALUES (2, 'auth', 'permission') ON CONFLICT DO NOTHING;
INSERT INTO public.django_content_type VALUES (3, 'auth', 'group') ON CONFLICT DO NOTHING;
INSERT INTO public.django_content_type VALUES (4, 'auth', 'user') ON CONFLICT DO NOTHING;
INSERT INTO public.django_content_type VALUES (5, 'contenttypes', 'contenttype') ON CONFLICT DO NOTHING;
INSERT INTO public.django_content_type VALUES (6, 'sessions', 'session') ON CONFLICT DO NOTHING;
INSERT INTO public.django_content_type VALUES (7, 'listings', 'listing') ON CONFLICT DO NOTHING;
INSERT INTO public.django_content_type VALUES (8, 'realtors', 'realtor') ON CONFLICT DO NOTHING;
INSERT INTO public.django_content_type VALUES (9, 'contacts', 'contact') ON CONFLICT DO NOTHING;


--
-- TOC entry 4902 (class 0 OID 16585)
-- Dependencies: 216
-- Data for Name: django_migrations; Type: TABLE DATA; Schema: public; Owner: postgres
--

INSERT INTO public.django_migrations VALUES (1, 'contenttypes', '0001_initial', '2023-11-12 16:03:39.764986+08') ON CONFLICT DO NOTHING;
INSERT INTO public.django_migrations VALUES (2, 'auth', '0001_initial', '2023-11-12 16:03:39.863532+08') ON CONFLICT DO NOTHING;
INSERT INTO public.django_migrations VALUES (3, 'admin', '0001_initial', '2023-11-12 16:03:39.893824+08') ON CONFLICT DO NOTHING;
INSERT INTO public.django_migrations VALUES (4, 'admin', '0002_logentry_remove_auto_add', '2023-11-12 16:03:39.902799+08') ON CONFLICT DO NOTHING;
INSERT INTO public.django_migrations VALUES (5, 'admin', '0003_logentry_add_action_flag_choices', '2023-11-12 16:03:39.910777+08') ON CONFLICT DO NOTHING;
INSERT INTO public.django_migrations VALUES (6, 'contenttypes', '0002_remove_content_type_name', '2023-11-12 16:03:39.92378+08') ON CONFLICT DO NOTHING;
INSERT INTO public.django_migrations VALUES (7, 'auth', '0002_alter_permission_name_max_length', '2023-11-12 16:03:39.932737+08') ON CONFLICT DO NOTHING;
INSERT INTO public.django_migrations VALUES (8, 'auth', '0003_alter_user_email_max_length', '2023-11-12 16:03:39.940525+08') ON CONFLICT DO NOTHING;
INSERT INTO public.django_migrations VALUES (9, 'auth', '0004_alter_user_username_opts', '2023-11-12 16:03:39.94753+08') ON CONFLICT DO NOTHING;
INSERT INTO public.django_migrations VALUES (10, 'auth', '0005_alter_user_last_login_null', '2023-11-12 16:03:39.956506+08') ON CONFLICT DO NOTHING;
INSERT INTO public.django_migrations VALUES (11, 'auth', '0006_require_contenttypes_0002', '2023-11-12 16:03:39.96047+08') ON CONFLICT DO NOTHING;
INSERT INTO public.django_migrations VALUES (12, 'auth', '0007_alter_validators_add_error_messages', '2023-11-12 16:03:39.968447+08') ON CONFLICT DO NOTHING;
INSERT INTO public.django_migrations VALUES (13, 'auth', '0008_alter_user_username_max_length', '2023-11-12 16:03:39.984546+08') ON CONFLICT DO NOTHING;
INSERT INTO public.django_migrations VALUES (14, 'auth', '0009_alter_user_last_name_max_length', '2023-11-12 16:03:39.998505+08') ON CONFLICT DO NOTHING;
INSERT INTO public.django_migrations VALUES (15, 'auth', '0010_alter_group_name_max_length', '2023-11-12 16:03:40.009446+08') ON CONFLICT DO NOTHING;
INSERT INTO public.django_migrations VALUES (16, 'auth', '0011_update_proxy_permissions', '2023-11-12 16:03:40.016454+08') ON CONFLICT DO NOTHING;
INSERT INTO public.django_migrations VALUES (17, 'auth', '0012_alter_user_first_name_max_length', '2023-11-12 16:03:40.024432+08') ON CONFLICT DO NOTHING;
INSERT INTO public.django_migrations VALUES (18, 'sessions', '0001_initial', '2023-11-12 16:03:40.041461+08') ON CONFLICT DO NOTHING;
INSERT INTO public.django_migrations VALUES (19, 'realtors', '0001_initial', '2023-11-12 16:21:31.034549+08') ON CONFLICT DO NOTHING;
INSERT INTO public.django_migrations VALUES (20, 'listings', '0001_initial', '2023-11-12 16:21:31.057744+08') ON CONFLICT DO NOTHING;
INSERT INTO public.django_migrations VALUES (21, 'listings', '0002_rename_city_listing_district', '2023-11-12 16:21:31.063706+08') ON CONFLICT DO NOTHING;
INSERT INTO public.django_migrations VALUES (22, 'contacts', '0001_initial', '2023-11-12 20:10:28.860431+08') ON CONFLICT DO NOTHING;


--
-- TOC entry 4919 (class 0 OID 16721)
-- Dependencies: 233
-- Data for Name: django_session; Type: TABLE DATA; Schema: public; Owner: postgres
--

INSERT INTO public.django_session VALUES ('bcb5wvpxnuwejum22ppernwyp6h9xbwf', '.eJxVjEsKwjAUAO-StYQmeS15Lt17hpL3qalKAv2sineXQBe6nRnmMGPatzzuqy7jLOZqnLn8Mkr80tKEPFN5VMu1bMtMtiX2tKu9V9H37Wz_BjmtuW2T79wwIKukzktH5MFNKAocXC-hR1JGHyNhHz2yIwJAiRxgCk7BfL7iDTfM:1r29kz:7hEjLtASV0a_mP1GNoivgEb5Rpo18Q4zQpAJGLBcBxs', '2023-11-26 20:40:05.335405+08') ON CONFLICT DO NOTHING;


--
-- TOC entry 4923 (class 0 OID 16763)
-- Dependencies: 237
-- Data for Name: listings_listing; Type: TABLE DATA; Schema: public; Owner: postgres
--

INSERT INTO public.listings_listing VALUES (6, '御龍山 7座 中層 C室', '樂景街28號', '火炭', '原積裝修, 簡約清雅, 四正實用, 廳大房大, 
環境優美, 會所設施齊備, 市場罕有.', 14280000, 3, 2, 906, 0.8, 'photos/2023/11/12/m_5Urr8Xs.jpg', 'photos/2023/11/12/1_oEqJiD5.jpg', 'photos/2023/11/12/2_tYxR02w.jpg', 'photos/2023/11/12/3_XHNCbnc.jpg', 'photos/2023/11/12/4_NQehW98.jpg', 'photos/2023/11/12/5_CV5paiR.jpg', 'photos/2023/11/12/6_veqVNkv.jpg', true, '2023-11-13 01:03:20+08', 2) ON CONFLICT DO NOTHING;
INSERT INTO public.listings_listing VALUES (7, '嘉湖山莊 7期 景湖居 3座 中層 B室', '天龍路2號', '天水圍', '', 5200000, 3, 2, 630, 0.8, 'photos/2023/11/12/m_xkV6Rl5.jpg', 'photos/2023/11/12/1_paT3kqC.jpg', 'photos/2023/11/12/2_IhXZI14.jpg', 'photos/2023/11/12/3_djGOdYX.jpg', 'photos/2023/11/12/4_oA57mz0.jpg', 'photos/2023/11/12/5_wOwXLRr.jpg', 'photos/2023/11/12/6_P6JDHOq.jpg', true, '2023-11-13 01:08:02+08', 3) ON CONFLICT DO NOTHING;
INSERT INTO public.listings_listing VALUES (1, '海典軒 1座 低層 H室', '海珠路2號', '屯門', '四正實用，廳大房大，還價即成，核心地段，交通便利', 5000000, 2, 1, 457, 0.5, 'photos/2023/11/12/m.jpg', 'photos/2023/11/12/1.jpg', 'photos/2023/11/12/2.jpg', 'photos/2023/11/12/3.jpg', 'photos/2023/11/12/4.jpg', 'photos/2023/11/12/5.jpg', 'photos/2023/11/12/6.jpg', true, '2023-11-13 00:43:28+08', 1) ON CONFLICT DO NOTHING;
INSERT INTO public.listings_listing VALUES (2, '翠怡花園 1期 4座 高層 B室', '楓樹窩路1號', '青衣', '清雅簡約，上車首選，交通便利，優美寧靜', 4800000, 2, 1, 365, 0.8, 'photos/2023/11/12/m_LkUT6Ls.jpg', 'photos/2023/11/12/1_4wev5Ma.jpg', 'photos/2023/11/12/2_gRdSSfZ.jpg', 'photos/2023/11/12/3_AzzLcyD.jpg', 'photos/2023/11/12/4_GYJ7hHQ.jpg', 'photos/2023/11/12/5_181aT42.jpg', 'photos/2023/11/12/6_G0o52N3.jpg', true, '2023-11-13 00:47:56+08', 1) ON CONFLICT DO NOTHING;
INSERT INTO public.listings_listing VALUES (3, '華翠臺 低層 C室', '連道3號', '跑馬地', '', 7500000, 2, 1, 465, 0.8, 'photos/2023/11/12/m_hClZ9ip.jpg', 'photos/2023/11/12/1_MuihvWz.jpg', 'photos/2023/11/12/2_nzwSI6E.jpg', 'photos/2023/11/12/3_l0ujuys.jpg', 'photos/2023/11/12/4_OFZFXkL.jpg', 'photos/2023/11/12/5_rQr0M46.jpg', 'photos/2023/11/12/6_YAVP3o3.jpg', true, '2023-11-13 00:51:03+08', 1) ON CONFLICT DO NOTHING;
INSERT INTO public.listings_listing VALUES (4, '慧景園 2座 高層 A室', '春暉道7號', '跑馬地', '四正實用，廳大房大，地標名廈，核心地段，購物便利，尊貴地段', 27800000, 3, 2, 1193, 0.8, 'photos/2023/11/12/m_zY1SNFF.jpg', 'photos/2023/11/12/1_eq345Qd.jpg', 'photos/2023/11/12/2_yRovOfc.jpg', 'photos/2023/11/12/3_7fGSign.jpg', 'photos/2023/11/12/4_WRZXqB1.jpg', 'photos/2023/11/12/5_KFPSBpm.jpg', 'photos/2023/11/12/6_ap4DLzA.jpg', true, '2023-11-13 00:55:54+08', 2) ON CONFLICT DO NOTHING;
INSERT INTO public.listings_listing VALUES (5, '瓏門 1期 1座 中層 H室', '屯門鄉事會路83號', '屯門', '', 9600000, 3, 2, 722, 0.6, 'photos/2023/11/12/m_ExRYtOr.jpg', 'photos/2023/11/12/1_shjN8l0.jpg', 'photos/2023/11/12/2_SNdshBe.jpg', 'photos/2023/11/12/3_fybvh3B.jpg', 'photos/2023/11/12/4_B8yZ0Jf.jpg', 'photos/2023/11/12/5_n6GlrnK.jpg', 'photos/2023/11/12/6_shHjgxC.jpg', true, '2023-11-13 00:59:25+08', 3) ON CONFLICT DO NOTHING;


--
-- TOC entry 4921 (class 0 OID 16755)
-- Dependencies: 235
-- Data for Name: realtors_realtor; Type: TABLE DATA; Schema: public; Owner: postgres
--

INSERT INTO public.realtors_realtor VALUES (1, 'Lionel Chun', 'photos/2023/11/12/fotor_2023-2-25_18_37_16_0a.png', 'I was born in Hong Kong.', '60862656', 'mister.lionel.chun@gmail.com', true, '2023-11-13 00:27:38+08') ON CONFLICT DO NOTHING;
INSERT INTO public.realtors_realtor VALUES (2, '許恩恩', 'photos/2023/11/12/381523694_3517486048493193_8069822370886723111_n.jpg', 'I was born in Taiwan', '33333333', '100006954978105@facebook.com', false, '2023-11-13 00:35:45+08') ON CONFLICT DO NOTHING;
INSERT INTO public.realtors_realtor VALUES (3, '吳淑萍', 'photos/2023/11/12/399018439_1112467666799686_3847718403221305465_n.jpg', 'I was born in Taibei', '55555555', '100041093881646@facebook.com', false, '2023-11-13 00:37:58+08') ON CONFLICT DO NOTHING;


--
-- TOC entry 4932 (class 0 OID 0)
-- Dependencies: 221
-- Name: auth_group_id_seq; Type: SEQUENCE SET; Schema: public; Owner: postgres
--

SELECT pg_catalog.setval('public.auth_group_id_seq', 1, false);


--
-- TOC entry 4933 (class 0 OID 0)
-- Dependencies: 223
-- Name: auth_group_permissions_id_seq; Type: SEQUENCE SET; Schema: public; Owner: postgres
--

SELECT pg_catalog.setval('public.auth_group_permissions_id_seq', 1, false);


--
-- TOC entry 4934 (class 0 OID 0)
-- Dependencies: 219
-- Name: auth_permission_id_seq; Type: SEQUENCE SET; Schema: public; Owner: postgres
--

SELECT pg_catalog.setval('public.auth_permission_id_seq', 36, true);


--
-- TOC entry 4935 (class 0 OID 0)
-- Dependencies: 227
-- Name: auth_user_groups_id_seq; Type: SEQUENCE SET; Schema: public; Owner: postgres
--

SELECT pg_catalog.setval('public.auth_user_groups_id_seq', 1, false);


--
-- TOC entry 4936 (class 0 OID 0)
-- Dependencies: 225
-- Name: auth_user_id_seq; Type: SEQUENCE SET; Schema: public; Owner: postgres
--

SELECT pg_catalog.setval('public.auth_user_id_seq', 2, true);


--
-- TOC entry 4937 (class 0 OID 0)
-- Dependencies: 229
-- Name: auth_user_user_permissions_id_seq; Type: SEQUENCE SET; Schema: public; Owner: postgres
--

SELECT pg_catalog.setval('public.auth_user_user_permissions_id_seq', 1, false);


--
-- TOC entry 4938 (class 0 OID 0)
-- Dependencies: 238
-- Name: contacts_contact_id_seq; Type: SEQUENCE SET; Schema: public; Owner: postgres
--

SELECT pg_catalog.setval('public.contacts_contact_id_seq', 2, true);


--
-- TOC entry 4939 (class 0 OID 0)
-- Dependencies: 231
-- Name: django_admin_log_id_seq; Type: SEQUENCE SET; Schema: public; Owner: postgres
--

SELECT pg_catalog.setval('public.django_admin_log_id_seq', 27, true);


--
-- TOC entry 4940 (class 0 OID 0)
-- Dependencies: 217
-- Name: django_content_type_id_seq; Type: SEQUENCE SET; Schema: public; Owner: postgres
--

SELECT pg_catalog.setval('public.django_content_type_id_seq', 9, true);


--
-- TOC entry 4941 (class 0 OID 0)
-- Dependencies: 215
-- Name: django_migrations_id_seq; Type: SEQUENCE SET; Schema: public; Owner: postgres
--

SELECT pg_catalog.setval('public.django_migrations_id_seq', 22, true);


--
-- TOC entry 4942 (class 0 OID 0)
-- Dependencies: 236
-- Name: listings_listing_id_seq; Type: SEQUENCE SET; Schema: public; Owner: postgres
--

SELECT pg_catalog.setval('public.listings_listing_id_seq', 7, true);


--
-- TOC entry 4943 (class 0 OID 0)
-- Dependencies: 234
-- Name: realtors_realtor_id_seq; Type: SEQUENCE SET; Schema: public; Owner: postgres
--

SELECT pg_catalog.setval('public.realtors_realtor_id_seq', 3, true);


--
-- TOC entry 4707 (class 2606 OID 16719)
-- Name: auth_group auth_group_name_key; Type: CONSTRAINT; Schema: public; Owner: postgres
--

ALTER TABLE ONLY public.auth_group
    ADD CONSTRAINT auth_group_name_key UNIQUE (name);


--
-- TOC entry 4712 (class 2606 OID 16650)
-- Name: auth_group_permissions auth_group_permissions_group_id_permission_id_0cd325b0_uniq; Type: CONSTRAINT; Schema: public; Owner: postgres
--

ALTER TABLE ONLY public.auth_group_permissions
    ADD CONSTRAINT auth_group_permissions_group_id_permission_id_0cd325b0_uniq UNIQUE (group_id, permission_id);


--
-- TOC entry 4715 (class 2606 OID 16619)
-- Name: auth_group_permissions auth_group_permissions_pkey; Type: CONSTRAINT; Schema: public; Owner: postgres
--

ALTER TABLE ONLY public.auth_group_permissions
    ADD CONSTRAINT auth_group_permissions_pkey PRIMARY KEY (id);


--
-- TOC entry 4709 (class 2606 OID 16611)
-- Name: auth_group auth_group_pkey; Type: CONSTRAINT; Schema: public; Owner: postgres
--

ALTER TABLE ONLY public.auth_group
    ADD CONSTRAINT auth_group_pkey PRIMARY KEY (id);


--
-- TOC entry 4702 (class 2606 OID 16641)
-- Name: auth_permission auth_permission_content_type_id_codename_01ab375a_uniq; Type: CONSTRAINT; Schema: public; Owner: postgres
--

ALTER TABLE ONLY public.auth_permission
    ADD CONSTRAINT auth_permission_content_type_id_codename_01ab375a_uniq UNIQUE (content_type_id, codename);


--
-- TOC entry 4704 (class 2606 OID 16605)
-- Name: auth_permission auth_permission_pkey; Type: CONSTRAINT; Schema: public; Owner: postgres
--

ALTER TABLE ONLY public.auth_permission
    ADD CONSTRAINT auth_permission_pkey PRIMARY KEY (id);


--
-- TOC entry 4723 (class 2606 OID 16633)
-- Name: auth_user_groups auth_user_groups_pkey; Type: CONSTRAINT; Schema: public; Owner: postgres
--

ALTER TABLE ONLY public.auth_user_groups
    ADD CONSTRAINT auth_user_groups_pkey PRIMARY KEY (id);


--
-- TOC entry 4726 (class 2606 OID 16665)
-- Name: auth_user_groups auth_user_groups_user_id_group_id_94350c0c_uniq; Type: CONSTRAINT; Schema: public; Owner: postgres
--

ALTER TABLE ONLY public.auth_user_groups
    ADD CONSTRAINT auth_user_groups_user_id_group_id_94350c0c_uniq UNIQUE (user_id, group_id);


--
-- TOC entry 4717 (class 2606 OID 16625)
-- Name: auth_user auth_user_pkey; Type: CONSTRAINT; Schema: public; Owner: postgres
--

ALTER TABLE ONLY public.auth_user
    ADD CONSTRAINT auth_user_pkey PRIMARY KEY (id);


--
-- TOC entry 4729 (class 2606 OID 16639)
-- Name: auth_user_user_permissions auth_user_user_permissions_pkey; Type: CONSTRAINT; Schema: public; Owner: postgres
--

ALTER TABLE ONLY public.auth_user_user_permissions
    ADD CONSTRAINT auth_user_user_permissions_pkey PRIMARY KEY (id);


--
-- TOC entry 4732 (class 2606 OID 16679)
-- Name: auth_user_user_permissions auth_user_user_permissions_user_id_permission_id_14a6b632_uniq; Type: CONSTRAINT; Schema: public; Owner: postgres
--

ALTER TABLE ONLY public.auth_user_user_permissions
    ADD CONSTRAINT auth_user_user_permissions_user_id_permission_id_14a6b632_uniq UNIQUE (user_id, permission_id);


--
-- TOC entry 4720 (class 2606 OID 16714)
-- Name: auth_user auth_user_username_key; Type: CONSTRAINT; Schema: public; Owner: postgres
--

ALTER TABLE ONLY public.auth_user
    ADD CONSTRAINT auth_user_username_key UNIQUE (username);


--
-- TOC entry 4747 (class 2606 OID 16783)
-- Name: contacts_contact contacts_contact_pkey; Type: CONSTRAINT; Schema: public; Owner: postgres
--

ALTER TABLE ONLY public.contacts_contact
    ADD CONSTRAINT contacts_contact_pkey PRIMARY KEY (id);


--
-- TOC entry 4735 (class 2606 OID 16700)
-- Name: django_admin_log django_admin_log_pkey; Type: CONSTRAINT; Schema: public; Owner: postgres
--

ALTER TABLE ONLY public.django_admin_log
    ADD CONSTRAINT django_admin_log_pkey PRIMARY KEY (id);


--
-- TOC entry 4697 (class 2606 OID 16599)
-- Name: django_content_type django_content_type_app_label_model_76bd3d3b_uniq; Type: CONSTRAINT; Schema: public; Owner: postgres
--

ALTER TABLE ONLY public.django_content_type
    ADD CONSTRAINT django_content_type_app_label_model_76bd3d3b_uniq UNIQUE (app_label, model);


--
-- TOC entry 4699 (class 2606 OID 16597)
-- Name: django_content_type django_content_type_pkey; Type: CONSTRAINT; Schema: public; Owner: postgres
--

ALTER TABLE ONLY public.django_content_type
    ADD CONSTRAINT django_content_type_pkey PRIMARY KEY (id);


--
-- TOC entry 4695 (class 2606 OID 16591)
-- Name: django_migrations django_migrations_pkey; Type: CONSTRAINT; Schema: public; Owner: postgres
--

ALTER TABLE ONLY public.django_migrations
    ADD CONSTRAINT django_migrations_pkey PRIMARY KEY (id);


--
-- TOC entry 4739 (class 2606 OID 16727)
-- Name: django_session django_session_pkey; Type: CONSTRAINT; Schema: public; Owner: postgres
--

ALTER TABLE ONLY public.django_session
    ADD CONSTRAINT django_session_pkey PRIMARY KEY (session_key);


--
-- TOC entry 4744 (class 2606 OID 16769)
-- Name: listings_listing listings_listing_pkey; Type: CONSTRAINT; Schema: public; Owner: postgres
--

ALTER TABLE ONLY public.listings_listing
    ADD CONSTRAINT listings_listing_pkey PRIMARY KEY (id);


--
-- TOC entry 4742 (class 2606 OID 16761)
-- Name: realtors_realtor realtors_realtor_pkey; Type: CONSTRAINT; Schema: public; Owner: postgres
--

ALTER TABLE ONLY public.realtors_realtor
    ADD CONSTRAINT realtors_realtor_pkey PRIMARY KEY (id);


--
-- TOC entry 4705 (class 1259 OID 16720)
-- Name: auth_group_name_a6ea08ec_like; Type: INDEX; Schema: public; Owner: postgres
--

CREATE INDEX auth_group_name_a6ea08ec_like ON public.auth_group USING btree (name varchar_pattern_ops);


--
-- TOC entry 4710 (class 1259 OID 16661)
-- Name: auth_group_permissions_group_id_b120cbf9; Type: INDEX; Schema: public; Owner: postgres
--

CREATE INDEX auth_group_permissions_group_id_b120cbf9 ON public.auth_group_permissions USING btree (group_id);


--
-- TOC entry 4713 (class 1259 OID 16662)
-- Name: auth_group_permissions_permission_id_84c5c92e; Type: INDEX; Schema: public; Owner: postgres
--

CREATE INDEX auth_group_permissions_permission_id_84c5c92e ON public.auth_group_permissions USING btree (permission_id);


--
-- TOC entry 4700 (class 1259 OID 16647)
-- Name: auth_permission_content_type_id_2f476e4b; Type: INDEX; Schema: public; Owner: postgres
--

CREATE INDEX auth_permission_content_type_id_2f476e4b ON public.auth_permission USING btree (content_type_id);


--
-- TOC entry 4721 (class 1259 OID 16677)
-- Name: auth_user_groups_group_id_97559544; Type: INDEX; Schema: public; Owner: postgres
--

CREATE INDEX auth_user_groups_group_id_97559544 ON public.auth_user_groups USING btree (group_id);


--
-- TOC entry 4724 (class 1259 OID 16676)
-- Name: auth_user_groups_user_id_6a12ed8b; Type: INDEX; Schema: public; Owner: postgres
--

CREATE INDEX auth_user_groups_user_id_6a12ed8b ON public.auth_user_groups USING btree (user_id);


--
-- TOC entry 4727 (class 1259 OID 16691)
-- Name: auth_user_user_permissions_permission_id_1fbb5f2c; Type: INDEX; Schema: public; Owner: postgres
--

CREATE INDEX auth_user_user_permissions_permission_id_1fbb5f2c ON public.auth_user_user_permissions USING btree (permission_id);


--
-- TOC entry 4730 (class 1259 OID 16690)
-- Name: auth_user_user_permissions_user_id_a95ead1b; Type: INDEX; Schema: public; Owner: postgres
--

CREATE INDEX auth_user_user_permissions_user_id_a95ead1b ON public.auth_user_user_permissions USING btree (user_id);


--
-- TOC entry 4718 (class 1259 OID 16715)
-- Name: auth_user_username_6821ab7c_like; Type: INDEX; Schema: public; Owner: postgres
--

CREATE INDEX auth_user_username_6821ab7c_like ON public.auth_user USING btree (username varchar_pattern_ops);


--
-- TOC entry 4733 (class 1259 OID 16711)
-- Name: django_admin_log_content_type_id_c4bce8eb; Type: INDEX; Schema: public; Owner: postgres
--

CREATE INDEX django_admin_log_content_type_id_c4bce8eb ON public.django_admin_log USING btree (content_type_id);


--
-- TOC entry 4736 (class 1259 OID 16712)
-- Name: django_admin_log_user_id_c564eba6; Type: INDEX; Schema: public; Owner: postgres
--

CREATE INDEX django_admin_log_user_id_c564eba6 ON public.django_admin_log USING btree (user_id);


--
-- TOC entry 4737 (class 1259 OID 16729)
-- Name: django_session_expire_date_a5c62663; Type: INDEX; Schema: public; Owner: postgres
--

CREATE INDEX django_session_expire_date_a5c62663 ON public.django_session USING btree (expire_date);


--
-- TOC entry 4740 (class 1259 OID 16728)
-- Name: django_session_session_key_c0390e0f_like; Type: INDEX; Schema: public; Owner: postgres
--

CREATE INDEX django_session_session_key_c0390e0f_like ON public.django_session USING btree (session_key varchar_pattern_ops);


--
-- TOC entry 4745 (class 1259 OID 16775)
-- Name: listings_listing_realtor_id_90583529; Type: INDEX; Schema: public; Owner: postgres
--

CREATE INDEX listings_listing_realtor_id_90583529 ON public.listings_listing USING btree (realtor_id);


--
-- TOC entry 4749 (class 2606 OID 16656)
-- Name: auth_group_permissions auth_group_permissio_permission_id_84c5c92e_fk_auth_perm; Type: FK CONSTRAINT; Schema: public; Owner: postgres
--

ALTER TABLE ONLY public.auth_group_permissions
    ADD CONSTRAINT auth_group_permissio_permission_id_84c5c92e_fk_auth_perm FOREIGN KEY (permission_id) REFERENCES public.auth_permission(id) DEFERRABLE INITIALLY DEFERRED;


--
-- TOC entry 4750 (class 2606 OID 16651)
-- Name: auth_group_permissions auth_group_permissions_group_id_b120cbf9_fk_auth_group_id; Type: FK CONSTRAINT; Schema: public; Owner: postgres
--

ALTER TABLE ONLY public.auth_group_permissions
    ADD CONSTRAINT auth_group_permissions_group_id_b120cbf9_fk_auth_group_id FOREIGN KEY (group_id) REFERENCES public.auth_group(id) DEFERRABLE INITIALLY DEFERRED;


--
-- TOC entry 4748 (class 2606 OID 16642)
-- Name: auth_permission auth_permission_content_type_id_2f476e4b_fk_django_co; Type: FK CONSTRAINT; Schema: public; Owner: postgres
--

ALTER TABLE ONLY public.auth_permission
    ADD CONSTRAINT auth_permission_content_type_id_2f476e4b_fk_django_co FOREIGN KEY (content_type_id) REFERENCES public.django_content_type(id) DEFERRABLE INITIALLY DEFERRED;


--
-- TOC entry 4751 (class 2606 OID 16671)
-- Name: auth_user_groups auth_user_groups_group_id_97559544_fk_auth_group_id; Type: FK CONSTRAINT; Schema: public; Owner: postgres
--

ALTER TABLE ONLY public.auth_user_groups
    ADD CONSTRAINT auth_user_groups_group_id_97559544_fk_auth_group_id FOREIGN KEY (group_id) REFERENCES public.auth_group(id) DEFERRABLE INITIALLY DEFERRED;


--
-- TOC entry 4752 (class 2606 OID 16666)
-- Name: auth_user_groups auth_user_groups_user_id_6a12ed8b_fk_auth_user_id; Type: FK CONSTRAINT; Schema: public; Owner: postgres
--

ALTER TABLE ONLY public.auth_user_groups
    ADD CONSTRAINT auth_user_groups_user_id_6a12ed8b_fk_auth_user_id FOREIGN KEY (user_id) REFERENCES public.auth_user(id) DEFERRABLE INITIALLY DEFERRED;


--
-- TOC entry 4753 (class 2606 OID 16685)
-- Name: auth_user_user_permissions auth_user_user_permi_permission_id_1fbb5f2c_fk_auth_perm; Type: FK CONSTRAINT; Schema: public; Owner: postgres
--

ALTER TABLE ONLY public.auth_user_user_permissions
    ADD CONSTRAINT auth_user_user_permi_permission_id_1fbb5f2c_fk_auth_perm FOREIGN KEY (permission_id) REFERENCES public.auth_permission(id) DEFERRABLE INITIALLY DEFERRED;


--
-- TOC entry 4754 (class 2606 OID 16680)
-- Name: auth_user_user_permissions auth_user_user_permissions_user_id_a95ead1b_fk_auth_user_id; Type: FK CONSTRAINT; Schema: public; Owner: postgres
--

ALTER TABLE ONLY public.auth_user_user_permissions
    ADD CONSTRAINT auth_user_user_permissions_user_id_a95ead1b_fk_auth_user_id FOREIGN KEY (user_id) REFERENCES public.auth_user(id) DEFERRABLE INITIALLY DEFERRED;


--
-- TOC entry 4755 (class 2606 OID 16701)
-- Name: django_admin_log django_admin_log_content_type_id_c4bce8eb_fk_django_co; Type: FK CONSTRAINT; Schema: public; Owner: postgres
--

ALTER TABLE ONLY public.django_admin_log
    ADD CONSTRAINT django_admin_log_content_type_id_c4bce8eb_fk_django_co FOREIGN KEY (content_type_id) REFERENCES public.django_content_type(id) DEFERRABLE INITIALLY DEFERRED;


--
-- TOC entry 4756 (class 2606 OID 16706)
-- Name: django_admin_log django_admin_log_user_id_c564eba6_fk_auth_user_id; Type: FK CONSTRAINT; Schema: public; Owner: postgres
--

ALTER TABLE ONLY public.django_admin_log
    ADD CONSTRAINT django_admin_log_user_id_c564eba6_fk_auth_user_id FOREIGN KEY (user_id) REFERENCES public.auth_user(id) DEFERRABLE INITIALLY DEFERRED;


--
-- TOC entry 4757 (class 2606 OID 16770)
-- Name: listings_listing listings_listing_realtor_id_90583529_fk_realtors_realtor_id; Type: FK CONSTRAINT; Schema: public; Owner: postgres
--

ALTER TABLE ONLY public.listings_listing
    ADD CONSTRAINT listings_listing_realtor_id_90583529_fk_realtors_realtor_id FOREIGN KEY (realtor_id) REFERENCES public.realtors_realtor(id) DEFERRABLE INITIALLY DEFERRED;


-- Completed on 2023-11-12 20:48:37

--
-- PostgreSQL database dump complete
--

